# Pair separation r(t) for the truncated-kernel run (downsampled, stride 30)
t,r
1.000000e-3,5.000010e-1
3.100000e-2,5.009595e-1
6.100000e-2,5.036981e-1
9.100000e-2,5.081691e-1
1.210000e-1,5.142967e-1
1.510000e-1,5.219822e-1
1.810000e-1,5.311098e-1
2.110000e-1,5.415518e-1
2.410000e-1,5.531749e-1
2.710000e-1,5.658448e-1
3.010000e-1,5.794300e-1
3.310000e-1,5.938050e-1
3.610000e-1,6.088522e-1
3.910000e-1,6.244630e-1
4.210000e-1,6.405386e-1
4.510000e-1,6.569898e-1
4.810000e-1,6.737370e-1
5.110000e-1,6.907093e-1
5.410000e-1,7.078442e-1
5.710000e-1,7.250865e-1
6.010000e-1,7.423883e-1
6.310000e-1,7.597072e-1
6.610000e-1,7.770066e-1
6.910000e-1,7.942545e-1
7.210000e-1,8.114232e-1
7.510000e-1,8.284888e-1
7.810000e-1,8.454303e-1
8.110000e-1,8.622300e-1
8.410000e-1,8.788722e-1
8.710000e-1,8.953437e-1
9.010000e-1,9.116331e-1
9.310000e-1,9.277307e-1
9.610000e-1,9.436280e-1
9.910000e-1,9.593180e-1
1.021000e0,9.747947e-1
1.051000e0,9.900531e-1
1.081000e0,1.005099e0
1.111000e0,1.020056e0
1.141000e0,1.034958e0
1.171000e0,1.049797e0
1.201000e0,1.064565e0
1.231000e0,1.079258e0
1.261000e0,1.093870e0
1.291000e0,1.108395e0
1.321000e0,1.122831e0
1.351000e0,1.137172e0
1.381000e0,1.151415e0
1.411000e0,1.165558e0
1.441000e0,1.179597e0
1.471000e0,1.193530e0
1.501000e0,1.207354e0
1.531000e0,1.221068e0
1.561000e0,1.234670e0
1.591000e0,1.248158e0
1.621000e0,1.261531e0
1.651000e0,1.274788e0
1.681000e0,1.287928e0
1.711000e0,1.300949e0
1.741000e0,1.313852e0
1.771000e0,1.326635e0
1.801000e0,1.339299e0
1.831000e0,1.351842e0
1.861000e0,1.364264e0
1.891000e0,1.376565e0
1.921000e0,1.388745e0
1.951000e0,1.400803e0
1.981000e0,1.412741e0
2.011000e0,1.424557e0
2.041000e0,1.436251e0
2.071000e0,1.447825e0
2.101000e0,1.459277e0
2.131000e0,1.470609e0
2.161000e0,1.481820e0
2.191000e0,1.492910e0
2.221000e0,1.503880e0
2.251000e0,1.514731e0
2.281000e0,1.525461e0
2.311000e0,1.536073e0
2.341000e0,1.546565e0
2.371000e0,1.556939e0
2.401000e0,1.567195e0
2.431000e0,1.577333e0
2.461000e0,1.587354e0
2.491000e0,1.597258e0
2.521000e0,1.607045e0
2.551000e0,1.616716e0
2.581000e0,1.626271e0
2.611000e0,1.635711e0
2.641000e0,1.645036e0
2.671000e0,1.654247e0
2.701000e0,1.663343e0
2.731000e0,1.672326e0
2.761000e0,1.681196e0
2.791000e0,1.689954e0
2.821000e0,1.698599e0
2.851000e0,1.707132e0
2.881000e0,1.715554e0
2.911000e0,1.723864e0
2.941000e0,1.732065e0
2.971000e0,1.740155e0
3.001000e0,1.748136e0
3.031000e0,1.756007e0
3.061000e0,1.763769e0
3.091000e0,1.771423e0
3.121000e0,1.778970e0
3.151000e0,1.786408e0
3.181000e0,1.793739e0
3.211000e0,1.800964e0
3.241000e0,1.808082e0
3.271000e0,1.815093e0
3.301000e0,1.822000e0
3.331000e0,1.828801e0
3.361000e0,1.835497e0
3.391000e0,1.842088e0
3.421000e0,1.848576e0
3.451000e0,1.854959e0
3.481000e0,1.861239e0
3.511000e0,1.867416e0
3.541000e0,1.873490e0
3.571000e0,1.879461e0
3.601000e0,1.885331e0
3.631000e0,1.891098e0
3.661000e0,1.896764e0
3.691000e0,1.902329e0
3.721000e0,1.907793e0
3.751000e0,1.913156e0
3.781000e0,1.918419e0
3.811000e0,1.923582e0
3.841000e0,1.928645e0
3.871000e0,1.933609e0
3.901000e0,1.938473e0
3.931000e0,1.943239e0
3.961000e0,1.947906e0
3.991000e0,1.952474e0
4.021000e0,1.956944e0
4.051000e0,1.961317e0
4.081000e0,1.965591e0
4.111000e0,1.969768e0
4.141000e0,1.973848e0
4.171000e0,1.977831e0
4.201000e0,1.981717e0
4.231000e0,1.985506e0
4.261000e0,1.989200e0
4.291000e0,1.992796e0
4.321000e0,1.996297e0
4.351000e0,1.999702e0
4.381000e0,2.003011e0
4.411000e0,2.006225e0
4.441000e0,2.009344e0
4.471000e0,2.012367e0
4.501000e0,2.015296e0
4.531000e0,2.018130e0
4.561000e0,2.020869e0
4.591000e0,2.023513e0
4.621000e0,2.026063e0
4.651000e0,2.028519e0
4.681000e0,2.030881e0
4.711000e0,2.033149e0
4.741000e0,2.035323e0
4.771000e0,2.037403e0
4.801000e0,2.039390e0
4.831000e0,2.041283e0
4.861000e0,2.043082e0
4.891000e0,2.044788e0
4.921000e0,2.046401e0
4.951000e0,2.047921e0
4.981000e0,2.049348e0
5.011000e0,2.050682e0
5.041000e0,2.051923e0
5.071000e0,2.053070e0
5.101000e0,2.054126e0
5.131000e0,2.055088e0
5.161000e0,2.055958e0
5.191000e0,2.056734e0
5.221000e0,2.057419e0
5.251000e0,2.058011e0
5.281000e0,2.058510e0
5.311000e0,2.058916e0
5.341000e0,2.059231e0
5.371000e0,2.059452e0
5.401000e0,2.059582e0
5.431000e0,2.059618e0
5.461000e0,2.059562e0
5.491000e0,2.059414e0
5.521000e0,2.059174e0
5.551000e0,2.058840e0
5.581000e0,2.058415e0
5.611000e0,2.057896e0
5.641000e0,2.057286e0
5.671000e0,2.056582e0
5.701000e0,2.055786e0
5.731000e0,2.054897e0
5.761000e0,2.053916e0
5.791000e0,2.052842e0
5.821000e0,2.051675e0
5.851000e0,2.050415e0
5.881000e0,2.049062e0
5.911000e0,2.047616e0
5.941000e0,2.046077e0
5.971000e0,2.044445e0
6.001000e0,2.042719e0
6.031000e0,2.040900e0
6.061000e0,2.038988e0
6.091000e0,2.036982e0
6.121000e0,2.034883e0
6.151000e0,2.032690e0
6.181000e0,2.030402e0
6.211000e0,2.028021e0
6.241000e0,2.025546e0
6.271000e0,2.022976e0
6.301000e0,2.020312e0
6.331000e0,2.017554e0
6.361000e0,2.014701e0
6.391000e0,2.011753e0
6.421000e0,2.008710e0
6.451000e0,2.005571e0
6.481000e0,2.002338e0
6.511000e0,1.999009e0
6.541000e0,1.995584e0
6.571000e0,1.992064e0
6.601000e0,1.988447e0
6.631000e0,1.984734e0
6.661000e0,1.980925e0
6.691000e0,1.977019e0
6.721000e0,1.973016e0
6.751000e0,1.968916e0
6.781000e0,1.964719e0
6.811000e0,1.960424e0
6.841000e0,1.956032e0
6.871000e0,1.951541e0
6.901000e0,1.946953e0
6.931000e0,1.942266e0
6.961000e0,1.937480e0
6.991000e0,1.932595e0
7.021000e0,1.927611e0
7.051000e0,1.922527e0
7.081000e0,1.917344e0
7.111000e0,1.912060e0
7.141000e0,1.906676e0
7.171000e0,1.901191e0
7.201000e0,1.895606e0
7.231000e0,1.889919e0
7.261000e0,1.884130e0
7.291000e0,1.878240e0
7.321000e0,1.872248e0
7.351000e0,1.866152e0
7.381000e0,1.859954e0
7.411000e0,1.853653e0
7.441000e0,1.847248e0
7.471000e0,1.840740e0
7.501000e0,1.834127e0
7.531000e0,1.827409e0
7.561000e0,1.820586e0
7.591000e0,1.813658e0
7.621000e0,1.806625e0
7.651000e0,1.799485e0
7.681000e0,1.792238e0
7.711000e0,1.784885e0
7.741000e0,1.777425e0
7.771000e0,1.769856e0
7.801000e0,1.762180e0
7.831000e0,1.754395e0
7.861000e0,1.746501e0
7.891000e0,1.738498e0
7.921000e0,1.730385e0
7.951000e0,1.722162e0
7.981000e0,1.713829e0
8.011000e0,1.705384e0
8.041000e0,1.696828e0
8.071000e0,1.688160e0
8.101000e0,1.679379e0
8.131000e0,1.670486e0
8.161000e0,1.661480e0
8.191000e0,1.652359e0
8.221000e0,1.643125e0
8.251000e0,1.633777e0
8.281000e0,1.624313e0
8.311000e0,1.614734e0
8.341000e0,1.605039e0
8.371000e0,1.595228e0
8.401000e0,1.585300e0
8.431000e0,1.575255e0
8.461000e0,1.565093e0
8.491000e0,1.554813e0
8.521000e0,1.544415e0
8.551000e0,1.533898e0
8.581000e0,1.523262e0
8.611000e0,1.512506e0
8.641000e0,1.501631e0
8.671000e0,1.490636e0
8.701000e0,1.479521e0
8.731000e0,1.468286e0
8.761000e0,1.456929e0
8.791000e0,1.445452e0
8.821000e0,1.433854e0
8.851000e0,1.422134e0
8.881000e0,1.410293e0
8.911000e0,1.398331e0
8.941000e0,1.386247e0
8.971000e0,1.374042e0
9.001000e0,1.361716e0
9.031000e0,1.349269e0
9.061000e0,1.336701e0
9.091000e0,1.324013e0
9.121000e0,1.311205e0
9.151000e0,1.298278e0
9.181000e0,1.285232e0
9.211000e0,1.272068e0
9.241000e0,1.258787e0
9.271000e0,1.245390e0
9.301000e0,1.231878e0
9.331000e0,1.218253e0
9.361000e0,1.204517e0
9.391000e0,1.190670e0
9.421000e0,1.176715e0
9.451000e0,1.162654e0
9.481000e0,1.148491e0
9.511000e0,1.134227e0
9.541000e0,1.119866e0
9.571000e0,1.105412e0
9.601000e0,1.090868e0
9.631000e0,1.076239e0
9.661000e0,1.061530e0
9.691000e0,1.046747e0
9.721000e0,1.031895e0
9.751000e0,1.016981e0
9.781000e0,1.002013e0
9.811000e0,9.869304e-1
9.841000e0,9.716278e-1
9.871000e0,9.561078e-1
9.901000e0,9.403757e-1
9.931000e0,9.244376e-1
9.961000e0,9.083009e-1
9.991000e0,8.919741e-1
1.002100e1,8.754675e-1
1.005100e1,8.587928e-1
1.008100e1,8.419636e-1
1.011100e1,8.249960e-1
1.014100e1,8.079084e-1
1.017100e1,7.907223e-1
1.020100e1,7.734623e-1
1.023100e1,7.561571e-1
1.026100e1,7.388395e-1
1.029100e1,7.215472e-1
1.032100e1,7.043236e-1
1.035100e1,6.872183e-1
1.038100e1,6.702877e-1
1.041100e1,6.535960e-1
1.044100e1,6.372158e-1
1.047100e1,6.212287e-1
1.050100e1,6.057259e-1
1.053100e1,5.908081e-1
1.056100e1,5.765858e-1
1.059100e1,5.631783e-1
1.062100e1,5.507126e-1
1.065100e1,5.393210e-1
1.068100e1,5.291379e-1
1.071100e1,5.202960e-1
1.074100e1,5.129208e-1
1.077100e1,5.071252e-1
1.080100e1,5.030036e-1
1.083100e1,5.006263e-1
1.086100e1,5.000352e-1
1.089100e1,5.012408e-1
1.092100e1,5.042215e-1
1.095100e1,5.089256e-1
1.098100e1,5.152737e-1
1.101100e1,5.231647e-1
1.104100e1,5.324805e-1
1.107100e1,5.430925e-1
1.110100e1,5.548670e-1
1.113100e1,5.676699e-1
1.116100e1,5.813703e-1
1.119100e1,5.958438e-1
1.122100e1,6.109739e-1
1.125100e1,6.266534e-1
1.128100e1,6.427848e-1
1.131100e1,6.592804e-1
1.134100e1,6.760616e-1
1.137100e1,6.930589e-1
1.140100e1,7.102107e-1
1.143100e1,7.274631e-1
1.146100e1,7.447686e-1
1.149100e1,7.620860e-1
1.152100e1,7.793792e-1
1.155100e1,7.966169e-1
1.158100e1,8.137719e-1
1.161100e1,8.308206e-1
1.164100e1,8.477428e-1
1.167100e1,8.645207e-1
1.170100e1,8.811393e-1
1.173100e1,8.975856e-1
1.176100e1,9.138483e-1
1.179100e1,9.299179e-1
1.182100e1,9.457863e-1
1.185100e1,9.614464e-1
1.188100e1,9.768925e-1
1.191100e1,9.921197e-1
1.194100e1,1.007143e0
1.197100e1,1.022092e0
1.200100e1,1.036984e0
1.203100e1,1.051812e0
1.206100e1,1.066568e0
1.209100e1,1.081249e0
1.212100e1,1.095848e0
1.215100e1,1.110360e0
1.218100e1,1.124781e0
1.221100e1,1.139107e0
1.224100e1,1.153335e0
1.227100e1,1.167462e0
1.230100e1,1.181485e0
1.233100e1,1.195402e0
1.236100e1,1.209209e0
1.239100e1,1.222906e0
1.242100e1,1.236491e0
1.245100e1,1.249962e0
1.248100e1,1.263318e0
1.251100e1,1.276557e0
1.254100e1,1.289679e0
1.257100e1,1.302683e0
1.260100e1,1.315568e0
1.263100e1,1.328334e0
1.266100e1,1.340979e0
1.269100e1,1.353504e0
1.272100e1,1.365908e0
1.275100e1,1.378191e0
1.278100e1,1.390353e0
1.281100e1,1.402393e0
1.284100e1,1.414313e0
1.287100e1,1.426110e0
1.290100e1,1.437787e0
1.293100e1,1.449342e0
1.296100e1,1.460777e0
1.299100e1,1.472090e0
1.302100e1,1.483283e0
1.305100e1,1.494355e0
1.308100e1,1.505307e0
1.311100e1,1.516140e0
1.314100e1,1.526853e0
1.317100e1,1.537446e0
1.320100e1,1.547921e0
1.323100e1,1.558277e0
1.326100e1,1.568515e0
1.329100e1,1.578636e0
1.332100e1,1.588639e0
1.335100e1,1.598525e0
1.338100e1,1.608295e0
1.341100e1,1.617948e0
1.344100e1,1.627486e0
1.347100e1,1.636909e0
1.350100e1,1.646217e0
1.353100e1,1.655410e0
1.356100e1,1.664489e0
1.359100e1,1.673455e0
1.362100e1,1.682308e0
1.365100e1,1.691049e0
1.368100e1,1.699677e0
1.371100e1,1.708193e0
1.374100e1,1.716598e0
1.377100e1,1.724892e0
1.380100e1,1.733076e0
1.383100e1,1.741149e0
1.386100e1,1.749113e0
1.389100e1,1.756968e0
1.392100e1,1.764714e0
1.395100e1,1.772352e0
1.398100e1,1.779881e0
1.401100e1,1.787303e0
1.404100e1,1.794618e0
1.407100e1,1.801826e0
1.410100e1,1.808928e0
1.413100e1,1.815924e0
1.416100e1,1.822814e0
1.419100e1,1.829599e0
1.422100e1,1.836279e0
1.425100e1,1.842854e0
1.428100e1,1.849326e0
1.431100e1,1.855693e0
1.434100e1,1.861957e0
1.437100e1,1.868118e0
1.440100e1,1.874177e0
1.443100e1,1.880132e0
1.446100e1,1.885986e0
1.449100e1,1.891738e0
1.452100e1,1.897388e0
1.455100e1,1.902937e0
1.458100e1,1.908386e0
1.461100e1,1.913733e0
1.464100e1,1.918981e0
1.467100e1,1.924128e0
1.470100e1,1.929176e0
1.473100e1,1.934124e0
1.476100e1,1.938973e0
1.479100e1,1.943723e0
1.482100e1,1.948375e0
1.485100e1,1.952928e0
1.488100e1,1.957383e0
1.491100e1,1.961740e0
1.494100e1,1.965999e0
1.497100e1,1.970161e0
1.500100e1,1.974226e0
1.503100e1,1.978193e0
1.506100e1,1.982064e0
1.509100e1,1.985839e0
1.512100e1,1.989516e0
1.515100e1,1.993098e0
1.518100e1,1.996584e0
1.521100e1,1.999974e0
1.524100e1,2.003268e0
1.527100e1,2.006467e0
1.530100e1,2.009570e0
1.533100e1,2.012579e0
1.536100e1,2.015492e0
1.539100e1,2.018311e0
1.542100e1,2.021035e0
1.545100e1,2.023665e0
1.548100e1,2.026200e0
1.551100e1,2.028641e0
1.554100e1,2.030987e0
1.557100e1,2.033240e0
1.560100e1,2.035399e0
1.563100e1,2.037465e0
1.566100e1,2.039436e0
1.569100e1,2.041314e0
1.572100e1,2.043099e0
1.575100e1,2.044790e0
1.578100e1,2.046388e0
1.581100e1,2.047893e0
1.584100e1,2.049305e0
1.587100e1,2.050624e0
1.590100e1,2.051849e0
1.593100e1,2.052982e0
1.596100e1,2.054023e0
1.599100e1,2.054970e0
1.602100e1,2.055825e0
1.605100e1,2.056587e0
1.608100e1,2.057256e0
1.611100e1,2.057833e0
1.614100e1,2.058317e0
1.617100e1,2.058709e0
1.620100e1,2.059008e0
1.623100e1,2.059214e0
1.626100e1,2.059328e0
1.629100e1,2.059350e0
1.632100e1,2.059279e0
1.635100e1,2.059116e0
1.638100e1,2.058860e0
1.641100e1,2.058512e0
1.644100e1,2.058071e0
1.647100e1,2.057537e0
1.650100e1,2.056911e0
1.653100e1,2.056193e0
1.656100e1,2.055382e0
1.659100e1,2.054478e0
1.662100e1,2.053481e0
1.665100e1,2.052391e0
1.668100e1,2.051209e0
1.671100e1,2.049934e0
1.674100e1,2.048566e0
1.677100e1,2.047104e0
1.680100e1,2.045550e0
1.683100e1,2.043902e0
1.686100e1,2.042161e0
1.689100e1,2.040327e0
1.692100e1,2.038399e0
1.695100e1,2.036378e0
1.698100e1,2.034263e0
1.701100e1,2.032054e0
1.704100e1,2.029751e0
1.707100e1,2.027354e0
1.710100e1,2.024863e0
1.713100e1,2.022278e0
1.716100e1,2.019598e0
1.719100e1,2.016824e0
1.722100e1,2.013955e0
1.725100e1,2.010991e0
1.728100e1,2.007932e0
1.731100e1,2.004777e0
1.734100e1,2.001528e0
1.737100e1,1.998183e0
1.740100e1,1.994742e0
1.743100e1,1.991205e0
1.746100e1,1.987572e0
1.749100e1,1.983843e0
1.752100e1,1.980018e0
1.755100e1,1.976095e0
1.758100e1,1.972076e0
1.761100e1,1.967960e0
1.764100e1,1.963746e0
1.767100e1,1.959435e0
1.770100e1,1.955026e0
1.773100e1,1.950519e0
1.776100e1,1.945913e0
1.779100e1,1.941209e0
1.782100e1,1.936406e0
1.785100e1,1.931505e0
1.788100e1,1.926504e0
1.791100e1,1.921403e0
1.794100e1,1.916202e0
1.797100e1,1.910902e0
1.800100e1,1.905500e0
1.803100e1,1.899998e0
1.806100e1,1.894396e0
1.809100e1,1.888691e0
1.812100e1,1.882885e0
1.815100e1,1.876977e0
1.818100e1,1.870967e0
1.821100e1,1.864854e0
1.824100e1,1.858639e0
1.827100e1,1.852320e0
1.830100e1,1.845897e0
1.833100e1,1.839370e0
1.836100e1,1.832739e0
1.839100e1,1.826003e0
1.842100e1,1.819163e0
1.845100e1,1.812216e0
1.848100e1,1.805164e0
1.851100e1,1.798006e0
1.854100e1,1.790741e0
1.857100e1,1.783369e0
1.860100e1,1.775890e0
1.863100e1,1.768303e0
1.866100e1,1.760608e0
1.869100e1,1.752804e0
1.872100e1,1.744891e0
1.875100e1,1.736869e0
1.878100e1,1.728737e0
1.881100e1,1.720495e0
1.884100e1,1.712142e0
1.887100e1,1.703677e0
1.890100e1,1.695102e0
1.893100e1,1.686414e0
1.896100e1,1.677614e0
1.899100e1,1.668701e0
1.902100e1,1.659675e0
1.905100e1,1.650535e0
1.908100e1,1.641280e0
1.911100e1,1.631912e0
1.914100e1,1.622428e0
1.917100e1,1.612828e0
1.920100e1,1.603113e0
1.923100e1,1.593282e0
1.926100e1,1.583333e0
1.929100e1,1.573268e0
1.932100e1,1.563085e0
1.935100e1,1.552784e0
1.938100e1,1.542365e0
1.941100e1,1.531827e0
1.944100e1,1.521170e0
1.947100e1,1.510393e0
1.950100e1,1.499497e0
1.953100e1,1.488481e0
1.956100e1,1.477345e0
1.959100e1,1.466088e0
1.962100e1,1.454710e0
1.965100e1,1.443212e0
1.968100e1,1.431592e0
1.971100e1,1.419851e0
1.974100e1,1.407988e0
1.977100e1,1.396005e0
1.980100e1,1.383900e0
1.983100e1,1.371673e0
1.986100e1,1.359326e0
1.989100e1,1.346857e0
1.992100e1,1.334268e0
1.995100e1,1.321559e0
1.998100e1,1.308730e0
2.001100e1,1.295782e0
2.004100e1,1.282715e0
2.007100e1,1.269530e0
2.010100e1,1.256229e0
2.013100e1,1.242812e0
2.016100e1,1.229280e0
2.019100e1,1.215635e0
2.022100e1,1.201879e0
2.025100e1,1.188013e0
2.028100e1,1.174040e0
2.031100e1,1.159962e0
2.034100e1,1.145780e0
2.037100e1,1.131499e0
2.040100e1,1.117122e0
2.043100e1,1.102652e0
2.046100e1,1.088094e0
2.049100e1,1.073451e0
2.052100e1,1.058729e0
2.055100e1,1.043934e0
2.058100e1,1.029071e0
2.061100e1,1.014148e0
2.064100e1,9.991721e-1
2.067100e1,9.840568e-1
2.070100e1,9.687205e-1
2.073100e1,9.531677e-1
2.076100e1,9.374039e-1
2.079100e1,9.214354e-1
2.082100e1,9.052697e-1
2.085100e1,8.889159e-1
2.088100e1,8.723842e-1
2.091100e1,8.556867e-1
2.094100e1,8.388376e-1
2.097100e1,8.218533e-1
2.100100e1,8.047528e-1
2.103100e1,7.875579e-1
2.106100e1,7.702942e-1
2.109100e1,7.529909e-1
2.112100e1,7.356818e-1
2.115100e1,7.184054e-1
2.118100e1,7.012063e-1
2.121100e1,6.841351e-1
2.124100e1,6.672497e-1
2.127100e1,6.506158e-1
2.130100e1,6.343073e-1
2.133100e1,6.184077e-1
2.136100e1,6.030096e-1
2.139100e1,5.882157e-1
2.142100e1,5.741379e-1
2.145100e1,5.608971e-1
2.148100e1,5.486211e-1
2.151100e1,5.374429e-1
2.154100e1,5.274968e-1
2.157100e1,5.189143e-1
2.160100e1,5.118192e-1
2.163100e1,5.063212e-1
2.166100e1,5.025107e-1
2.169100e1,5.004531e-1
2.172100e1,5.001848e-1
2.175100e1,5.017104e-1
2.178100e1,5.050030e-1
2.181100e1,5.100054e-1
2.184100e1,5.166343e-1
2.187100e1,5.247850e-1
2.190100e1,5.343374e-1
2.193100e1,5.451617e-1
2.196100e1,5.571239e-1
2.199100e1,5.700902e-1
2.202100e1,5.839310e-1
2.205100e1,5.985232e-1
2.208100e1,6.137520e-1
2.211100e1,6.295120e-1
2.214100e1,6.457075e-1
2.217100e1,6.622525e-1
2.220100e1,6.790700e-1
2.223100e1,6.960921e-1
2.226100e1,7.132586e-1
2.229100e1,7.305168e-1
2.232100e1,7.478205e-1
2.235100e1,7.651293e-1
2.238100e1,7.824081e-1
2.241100e1,7.996263e-1
2.244100e1,8.167575e-1
2.247100e1,8.337786e-1
2.250100e1,8.506699e-1
2.253100e1,8.674142e-1
2.256100e1,8.839968e-1
2.259100e1,9.004049e-1
2.262100e1,9.166278e-1
2.265100e1,9.326560e-1
2.268100e1,9.484817e-1
2.271100e1,9.640981e-1
2.274100e1,9.794996e-1
2.277100e1,9.946813e-1
2.280100e1,1.009680e0
2.283100e1,1.024620e0
2.286100e1,1.039501e0
2.289100e1,1.054317e0
2.292100e1,1.069061e0
2.295100e1,1.083728e0
2.298100e1,1.098312e0
2.301100e1,1.112808e0
2.304100e1,1.127214e0
2.307100e1,1.141523e0
2.310100e1,1.155734e0
2.313100e1,1.169844e0
2.316100e1,1.183848e0
2.319100e1,1.197746e0
2.322100e1,1.211535e0
2.325100e1,1.225213e0
2.328100e1,1.238779e0
2.331100e1,1.252230e0
2.334100e1,1.265566e0
2.337100e1,1.278785e0
2.340100e1,1.291887e0
2.343100e1,1.304870e0
2.346100e1,1.317735e0
2.349100e1,1.330480e0
2.352100e1,1.343104e0
2.355100e1,1.355609e0
2.358100e1,1.367992e0
2.361100e1,1.380254e0
2.364100e1,1.392395e0
2.367100e1,1.404415e0
2.370100e1,1.416313e0
2.373100e1,1.428090e0
2.376100e1,1.439746e0
2.379100e1,1.451281e0
2.382100e1,1.462694e0
2.385100e1,1.473987e0
2.388100e1,1.485159e0
2.391100e1,1.496211e0
2.394100e1,1.507143e0
2.397100e1,1.517955e0
2.400100e1,1.528647e0
2.403100e1,1.539220e0
2.406100e1,1.549675e0
2.409100e1,1.560011e0
2.412100e1,1.570229e0
2.415100e1,1.580329e0
2.418100e1,1.590312e0
2.421100e1,1.600178e0
2.424100e1,1.609928e0
2.427100e1,1.619561e0
2.430100e1,1.629079e0
2.433100e1,1.638482e0
2.436100e1,1.647770e0
2.439100e1,1.656944e0
2.442100e1,1.666004e0
2.445100e1,1.674951e0
2.448100e1,1.683784e0
2.451100e1,1.692505e0
2.454100e1,1.701114e0
2.457100e1,1.709611e0
2.460100e1,1.717997e0
2.463100e1,1.726272e0
2.466100e1,1.734437e0
2.469100e1,1.742492e0
2.472100e1,1.750437e0
2.475100e1,1.758273e0
2.478100e1,1.766000e0
2.481100e1,1.773619e0
2.484100e1,1.781130e0
2.487100e1,1.788534e0
2.490100e1,1.795831e0
2.493100e1,1.803020e0
2.496100e1,1.810104e0
2.499100e1,1.817081e0
2.502100e1,1.823953e0
2.505100e1,1.830720e0
2.508100e1,1.837382e0
2.511100e1,1.843940e0
2.514100e1,1.850393e0
2.517100e1,1.856743e0
2.520100e1,1.862989e0
2.523100e1,1.869133e0
2.526100e1,1.875173e0
2.529100e1,1.881111e0
2.532100e1,1.886947e0
2.535100e1,1.892682e0
2.538100e1,1.898315e0
2.541100e1,1.903846e0
2.544100e1,1.909277e0
2.547100e1,1.914608e0
2.550100e1,1.919838e0
2.553100e1,1.924968e0
2.556100e1,1.929999e0
2.559100e1,1.934930e0
2.562100e1,1.939762e0
2.565100e1,1.944495e0
2.568100e1,1.949130e0
2.571100e1,1.953666e0
2.574100e1,1.958104e0
2.577100e1,1.962444e0
2.580100e1,1.966686e0
2.583100e1,1.970832e0
2.586100e1,1.974879e0
2.589100e1,1.978830e0
2.592100e1,1.982685e0
2.595100e1,1.986442e0
2.598100e1,1.990103e0
2.601100e1,1.993669e0
2.604100e1,1.997138e0
2.607100e1,2.000511e0
2.610100e1,2.003789e0
2.613100e1,2.006971e0
2.616100e1,2.010058e0
2.619100e1,2.013050e0
2.622100e1,2.015948e0
2.625100e1,2.018750e0
2.628100e1,2.021458e0
2.631100e1,2.024071e0
2.634100e1,2.026590e0
2.637100e1,2.029014e0
2.640100e1,2.031345e0
2.643100e1,2.033581e0
2.646100e1,2.035724e0
2.649100e1,2.037773e0
2.652100e1,2.039729e0
2.655100e1,2.041591e0
2.658100e1,2.043359e0
2.661100e1,2.045034e0
2.664100e1,2.046616e0
2.667100e1,2.048105e0
2.670100e1,2.049501e0
2.673100e1,2.050803e0
2.676100e1,2.052013e0
2.679100e1,2.053130e0
2.682100e1,2.054154e0
2.685100e1,2.055085e0
2.688100e1,2.055924e0
2.691100e1,2.056670e0
2.694100e1,2.057323e0
2.697100e1,2.057884e0
2.700100e1,2.058352e0
2.703100e1,2.058728e0
2.706100e1,2.059011e0
2.709100e1,2.059201e0
2.712100e1,2.059299e0
2.715100e1,2.059305e0
2.718100e1,2.059218e0
2.721100e1,2.059039e0
2.724100e1,2.058767e0
2.727100e1,2.058403e0
2.730100e1,2.057946e0
2.733100e1,2.057396e0
2.736100e1,2.056754e0
2.739100e1,2.056019e0
2.742100e1,2.055192e0
2.745100e1,2.054272e0
2.748100e1,2.053259e0
2.751100e1,2.052153e0
2.754100e1,2.050955e0
2.757100e1,2.049664e0
2.760100e1,2.048279e0
2.763100e1,2.046802e0
2.766100e1,2.045231e0
2.769100e1,2.043567e0
2.772100e1,2.041810e0
2.775100e1,2.039959e0
2.778100e1,2.038015e0
2.781100e1,2.035978e0
2.784100e1,2.033846e0
2.787100e1,2.031621e0
2.790100e1,2.029302e0
2.793100e1,2.026889e0
2.796100e1,2.024381e0
2.799100e1,2.021780e0
2.802100e1,2.019083e0
2.805100e1,2.016292e0
2.808100e1,2.013407e0
2.811100e1,2.010426e0
2.814100e1,2.007351e0
2.817100e1,2.004180e0
2.820100e1,2.000914e0
2.823100e1,1.997552e0
2.826100e1,1.994095e0
2.829100e1,1.990541e0
2.832100e1,1.986891e0
2.835100e1,1.983146e0
2.838100e1,1.979303e0
2.841100e1,1.975364e0
2.844100e1,1.971328e0
2.847100e1,1.967194e0
2.850100e1,1.962964e0
2.853100e1,1.958635e0
2.856100e1,1.954209e0
2.859100e1,1.949685e0
2.862100e1,1.945062e0
2.865100e1,1.940341e0
2.868100e1,1.935521e0
2.871100e1,1.930602e0
2.874100e1,1.925584e0
2.877100e1,1.920466e0
2.880100e1,1.915247e0
2.883100e1,1.909929e0
2.886100e1,1.904511e0
2.889100e1,1.898991e0
2.892100e1,1.893370e0
2.895100e1,1.887648e0
2.898100e1,1.881825e0
2.901100e1,1.875899e0
2.904100e1,1.869871e0
2.907100e1,1.863740e0
2.910100e1,1.857506e0
2.913100e1,1.851169e0
2.916100e1,1.844728e0
2.919100e1,1.838183e0
2.922100e1,1.831534e0
2.925100e1,1.824780e0
2.928100e1,1.817921e0
2.931100e1,1.810956e0
2.934100e1,1.803885e0
2.937100e1,1.796708e0
2.940100e1,1.789425e0
2.943100e1,1.782034e0
2.946100e1,1.774536e0
2.949100e1,1.766930e0
2.952100e1,1.759216e0
2.955100e1,1.751393e0
2.958100e1,1.743461e0
2.961100e1,1.735420e0
2.964100e1,1.727269e0
2.967100e1,1.719007e0
2.970100e1,1.710634e0
2.973100e1,1.702151e0
2.976100e1,1.693555e0
2.979100e1,1.684848e0
2.982100e1,1.676028e0
2.985100e1,1.667095e0
2.988100e1,1.658049e0
2.991100e1,1.648889e0
2.994100e1,1.639615e0
2.997100e1,1.630226e0
3.000100e1,1.620722e0
3.003100e1,1.611102e0
3.006100e1,1.601367e0
3.009100e1,1.591515e0
3.012100e1,1.581546e0
3.015100e1,1.571460e0
3.018100e1,1.561256e0
3.021100e1,1.550935e0
3.024100e1,1.540495e0
3.027100e1,1.529936e0
3.030100e1,1.519258e0
3.033100e1,1.508461e0
3.036100e1,1.497543e0
3.039100e1,1.486506e0
3.042100e1,1.475349e0
3.045100e1,1.464071e0
3.048100e1,1.452672e0
3.051100e1,1.441152e0
3.054100e1,1.429511e0
3.057100e1,1.417748e0
3.060100e1,1.405865e0
3.063100e1,1.393860e0
3.066100e1,1.381733e0
3.069100e1,1.369486e0
3.072100e1,1.357117e0
3.075100e1,1.344628e0
3.078100e1,1.332017e0
3.081100e1,1.319287e0
3.084100e1,1.306437e0
3.087100e1,1.293468e0
3.090100e1,1.280380e0
3.093100e1,1.267175e0
3.096100e1,1.253854e0
3.099100e1,1.240416e0
3.102100e1,1.226865e0
3.105100e1,1.213200e0
3.108100e1,1.199425e0
3.111100e1,1.185540e0
3.114100e1,1.171548e0
3.117100e1,1.157451e0
3.120100e1,1.143252e0
3.123100e1,1.128954e0
3.126100e1,1.114561e0
3.129100e1,1.100075e0
3.132100e1,1.085501e0
3.135100e1,1.070844e0
3.138100e1,1.056109e0
3.141100e1,1.041302e0
3.144100e1,1.026428e0
3.147100e1,1.011495e0
3.150100e1,9.965063e-1
3.153100e1,9.813455e-1
3.156100e1,9.659645e-1
3.159100e1,9.503679e-1
3.162100e1,9.345614e-1
3.165100e1,9.185514e-1
3.168100e1,9.023458e-1
3.171100e1,8.859537e-1
3.174100e1,8.693858e-1
3.177100e1,8.526546e-1
3.180100e1,8.357745e-1
3.183100e1,8.187624e-1
3.186100e1,8.016379e-1
3.189100e1,7.844233e-1
3.192100e1,7.671450e-1
3.195100e1,7.498328e-1
3.198100e1,7.325214e-1
3.201100e1,7.152506e-1
3.204100e1,6.980657e-1
3.207100e1,6.810188e-1
3.210100e1,6.641692e-1
3.213100e1,6.475840e-1
3.216100e1,6.313389e-1
3.219100e1,6.155190e-1
3.222100e1,6.002190e-1
3.225100e1,5.855431e-1
3.228100e1,5.716052e-1
3.231100e1,5.585276e-1
3.234100e1,5.464394e-1
3.237100e1,5.354741e-1
3.240100e1,5.257660e-1
3.243100e1,5.174457e-1
3.246100e1,5.106349e-1
3.249100e1,5.054403e-1
3.252100e1,5.019481e-1
3.255100e1,5.002187e-1
3.258100e1,5.002827e-1
3.261100e1,5.021389e-1
3.264100e1,5.057546e-1
3.267100e1,5.110673e-1
3.270100e1,5.179893e-1
3.273100e1,5.264125e-1
3.276100e1,5.362145e-1
3.279100e1,5.472641e-1
3.282100e1,5.594271e-1
3.285100e1,5.725702e-1
3.288100e1,5.865645e-1
3.291100e1,6.012885e-1
3.294100e1,6.166288e-1
3.297100e1,6.324820e-1
3.300100e1,6.487540e-1
3.303100e1,6.653604e-1
3.306100e1,6.822262e-1
3.309100e1,6.992848e-1
3.312100e1,7.164774e-1
3.315100e1,7.337526e-1
3.318100e1,7.510653e-1
3.321100e1,7.683761e-1
3.324100e1,7.856509e-1
3.327100e1,8.028598e-1
3.330100e1,8.199771e-1
3.333100e1,8.369804e-1
3.336100e1,8.538504e-1
3.339100e1,8.705705e-1
3.342100e1,8.871262e-1
3.345100e1,9.035054e-1
3.348100e1,9.196973e-1
3.351100e1,9.356931e-1
3.354100e1,9.514849e-1
3.357100e1,9.670663e-1
3.360100e1,9.824318e-1
3.363100e1,9.975767e-1
3.366100e1,1.012559e0
3.369100e1,1.027487e0
3.372100e1,1.042356e0
3.375100e1,1.057157e0
3.378100e1,1.071886e0
3.381100e1,1.086537e0
3.384100e1,1.101103e0
3.387100e1,1.115582e0
3.390100e1,1.129968e0
3.393100e1,1.144258e0
3.396100e1,1.158449e0
3.399100e1,1.172538e0
3.402100e1,1.186521e0
3.405100e1,1.200398e0
3.408100e1,1.214165e0
3.411100e1,1.227820e0
3.414100e1,1.241363e0
3.417100e1,1.254791e0
3.420100e1,1.268104e0
3.423100e1,1.281300e0
3.426100e1,1.294378e0
3.429100e1,1.307338e0
3.432100e1,1.320179e0
3.435100e1,1.332900e0
3.438100e1,1.345501e0
3.441100e1,1.357981e0
3.444100e1,1.370340e0
3.447100e1,1.382578e0
3.450100e1,1.394695e0
3.453100e1,1.406691e0
3.456100e1,1.418565e0
3.459100e1,1.430318e0
3.462100e1,1.441950e0
3.465100e1,1.453460e0
3.468100e1,1.464850e0
3.471100e1,1.476118e0
3.474100e1,1.487267e0
3.477100e1,1.498294e0
3.480100e1,1.509202e0
3.483100e1,1.519990e0
3.486100e1,1.530659e0
3.489100e1,1.541209e0
3.492100e1,1.551639e0
3.495100e1,1.561952e0
3.498100e1,1.572146e0
3.501100e1,1.582223e0
3.504100e1,1.592183e0
3.507100e1,1.602026e0
3.510100e1,1.611752e0
3.513100e1,1.621363e0
3.516100e1,1.630858e0
3.519100e1,1.640238e0
3.522100e1,1.649503e0
3.525100e1,1.658654e0
3.528100e1,1.667692e0
3.531100e1,1.676616e0
3.534100e1,1.685427e0
3.537100e1,1.694125e0
3.540100e1,1.702712e0
3.543100e1,1.711187e0
3.546100e1,1.719550e0
3.549100e1,1.727803e0
3.552100e1,1.735946e0
3.555100e1,1.743979e0
3.558100e1,1.751902e0
3.561100e1,1.759716e0
3.564100e1,1.767422e0
3.567100e1,1.775019e0
3.570100e1,1.782509e0
3.573100e1,1.789891e0
3.576100e1,1.797166e0
3.579100e1,1.804335e0
3.582100e1,1.811397e0
3.585100e1,1.818353e0
3.588100e1,1.825204e0
3.591100e1,1.831950e0
3.594100e1,1.838591e0
3.597100e1,1.845127e0
3.600100e1,1.851560e0
3.603100e1,1.857889e0
3.606100e1,1.864115e0
3.609100e1,1.870237e0
3.612100e1,1.876257e0
3.615100e1,1.882175e0
3.618100e1,1.887990e0
3.621100e1,1.893704e0
3.624100e1,1.899317e0
3.627100e1,1.904828e0
3.630100e1,1.910239e0
3.633100e1,1.915549e0
3.636100e1,1.920759e0
3.639100e1,1.925869e0
3.642100e1,1.930880e0
3.645100e1,1.935791e0
3.648100e1,1.940603e0
3.651100e1,1.945316e0
3.654100e1,1.949930e0
3.657100e1,1.954447e0
3.660100e1,1.958865e0
3.663100e1,1.963185e0
3.666100e1,1.967408e0
3.669100e1,1.971534e0
3.672100e1,1.975562e0
3.675100e1,1.979493e0
3.678100e1,1.983328e0
3.681100e1,1.987066e0
3.684100e1,1.990708e0
3.687100e1,1.994253e0
3.690100e1,1.997703e0
3.693100e1,2.001057e0
3.696100e1,2.004315e0
3.699100e1,2.007478e0
3.702100e1,2.010546e0
3.705100e1,2.013519e0
3.708100e1,2.016397e0
3.711100e1,2.019180e0
3.714100e1,2.021868e0
3.717100e1,2.024462e0
3.720100e1,2.026962e0
3.723100e1,2.029367e0
3.726100e1,2.031679e0
3.729100e1,2.033896e0
3.732100e1,2.036020e0
3.735100e1,2.038050e0
3.738100e1,2.039986e0
3.741100e1,2.041829e0
3.744100e1,2.043579e0
3.747100e1,2.045235e0
3.750100e1,2.046798e0
3.753100e1,2.048267e0
3.756100e1,2.049644e0
3.759100e1,2.050928e0
3.762100e1,2.052118e0
3.765100e1,2.053216e0
3.768100e1,2.054221e0
3.771100e1,2.055134e0
3.774100e1,2.055953e0
3.777100e1,2.056680e0
3.780100e1,2.057315e0
3.783100e1,2.057856e0
3.786100e1,2.058305e0
3.789100e1,2.058662e0
3.792100e1,2.058926e0
3.795100e1,2.059098e0
3.798100e1,2.059177e0
3.801100e1,2.059163e0
3.804100e1,2.059058e0
3.807100e1,2.058859e0
3.810100e1,2.058568e0
3.813100e1,2.058185e0
3.816100e1,2.057709e0
3.819100e1,2.057140e0
3.822100e1,2.056479e0
3.825100e1,2.055725e0
3.828100e1,2.054879e0
3.831100e1,2.053940e0
3.834100e1,2.052908e0
3.837100e1,2.051783e0
3.840100e1,2.050565e0
3.843100e1,2.049255e0
3.846100e1,2.047851e0
3.849100e1,2.046354e0
3.852100e1,2.044764e0
3.855100e1,2.043081e0
3.858100e1,2.041305e0
3.861100e1,2.039435e0
3.864100e1,2.037471e0
3.867100e1,2.035414e0
3.870100e1,2.033263e0
3.873100e1,2.031019e0
3.876100e1,2.028680e0
3.879100e1,2.026247e0
3.882100e1,2.023720e0
3.885100e1,2.021099e0
3.888100e1,2.018383e0
3.891100e1,2.015573e0
3.894100e1,2.012667e0
3.897100e1,2.009667e0
3.900100e1,2.006572e0
3.903100e1,2.003381e0
3.906100e1,2.000095e0
3.909100e1,1.996713e0
3.912100e1,1.993236e0
3.915100e1,1.989662e0
3.918100e1,1.985993e0
3.921100e1,1.982227e0
3.924100e1,1.978364e0
3.927100e1,1.974405e0
3.930100e1,1.970348e0
3.933100e1,1.966194e0
3.936100e1,1.961943e0
3.939100e1,1.957595e0
3.942100e1,1.953148e0
3.945100e1,1.948603e0
3.948100e1,1.943960e0
3.951100e1,1.939218e0
3.954100e1,1.934378e0
3.957100e1,1.929438e0
3.960100e1,1.924398e0
3.963100e1,1.919259e0
3.966100e1,1.914020e0
3.969100e1,1.908681e0
3.972100e1,1.903241e0
3.975100e1,1.897701e0
3.978100e1,1.892059e0
3.981100e1,1.886315e0
3.984100e1,1.880470e0
3.987100e1,1.874523e0
3.990100e1,1.868473e0
3.993100e1,1.862321e0
3.996100e1,1.856065e0
3.999100e1,1.849707e0
4.002100e1,1.843244e0
4.005100e1,1.836677e0
4.008100e1,1.830006e0
4.011100e1,1.823230e0
4.014100e1,1.816348e0
4.017100e1,1.809361e0
4.020100e1,1.802268e0
4.023100e1,1.795069e0
4.026100e1,1.787763e0
4.029100e1,1.780349e0
4.032100e1,1.772829e0
4.035100e1,1.765200e0
4.038100e1,1.757463e0
4.041100e1,1.749617e0
4.044100e1,1.741662e0
4.047100e1,1.733598e0
4.050100e1,1.725423e0
4.053100e1,1.717138e0
4.056100e1,1.708742e0
4.059100e1,1.700235e0
4.062100e1,1.691616e0
4.065100e1,1.682885e0
4.068100e1,1.674041e0
4.071100e1,1.665084e0
4.074100e1,1.656014e0
4.077100e1,1.646830e0
4.080100e1,1.637531e0
4.083100e1,1.628118e0
4.086100e1,1.618590e0
4.089100e1,1.608945e0
4.092100e1,1.599185e0
4.095100e1,1.589308e0
4.098100e1,1.579315e0
4.101100e1,1.569204e0
4.104100e1,1.558975e0
4.107100e1,1.548629e0
4.110100e1,1.538163e0
4.113100e1,1.527579e0
4.116100e1,1.516876e0
4.119100e1,1.506053e0
4.122100e1,1.495111e0
4.125100e1,1.484048e0
4.128100e1,1.472865e0
4.131100e1,1.461561e0
4.134100e1,1.450137e0
4.137100e1,1.438591e0
4.140100e1,1.426924e0
4.143100e1,1.415136e0
4.146100e1,1.403227e0
4.149100e1,1.391196e0
4.152100e1,1.379044e0
4.155100e1,1.366771e0
4.158100e1,1.354376e0
4.161100e1,1.341861e0
4.164100e1,1.329226e0
4.167100e1,1.316470e0
4.170100e1,1.303595e0
4.173100e1,1.290600e0
4.176100e1,1.277488e0
4.179100e1,1.264258e0
4.182100e1,1.250911e0
4.185100e1,1.237450e0
4.188100e1,1.223874e0
4.191100e1,1.210186e0
4.194100e1,1.196387e0
4.197100e1,1.182480e0
4.200100e1,1.168465e0
4.203100e1,1.154347e0
4.206100e1,1.140127e0
4.209100e1,1.125809e0
4.212100e1,1.111395e0
4.215100e1,1.096891e0
4.218100e1,1.082299e0
4.221100e1,1.067626e0
4.224100e1,1.052875e0
4.227100e1,1.038053e0
4.230100e1,1.023167e0
4.233100e1,1.008223e0
4.236100e1,9.932134e-1
4.239100e1,9.780104e-1
4.242100e1,9.625881e-1
4.245100e1,9.469514e-1
4.248100e1,9.311060e-1
4.251100e1,9.150588e-1
4.254100e1,8.988178e-1
4.257100e1,8.823925e-1
4.260100e1,8.657939e-1
4.263100e1,8.490350e-1
4.266100e1,8.321306e-1
4.269100e1,8.150981e-1
4.272100e1,7.979577e-1
4.275100e1,7.807327e-1
4.278100e1,7.634499e-1
4.281100e1,7.461402e-1
4.284100e1,7.288394e-1
4.287100e1,7.115883e-1
4.290100e1,6.944336e-1
4.293100e1,6.774289e-1
4.296100e1,6.606350e-1
4.299100e1,6.441207e-1
4.302100e1,6.279638e-1
4.305100e1,6.122513e-1
4.308100e1,5.970797e-1
4.311100e1,5.825555e-1
4.314100e1,5.687942e-1
4.317100e1,5.559197e-1
4.320100e1,5.440623e-1
4.323100e1,5.333557e-1
4.326100e1,5.239338e-1
4.329100e1,5.159257e-1
4.332100e1,5.094504e-1
4.335100e1,5.046105e-1
4.338100e1,5.014872e-1
4.341100e1,5.001349e-1
4.344100e1,5.005773e-1
4.347100e1,5.028068e-1
4.350100e1,5.067841e-1
4.353100e1,5.124410e-1
4.356100e1,5.196852e-1
4.359100e1,5.284052e-1
4.362100e1,5.384763e-1
4.365100e1,5.497666e-1
4.368100e1,5.621415e-1
4.371100e1,5.754686e-1
4.374100e1,5.896206e-1
4.377100e1,6.044776e-1
4.380100e1,6.199282e-1
4.383100e1,6.358711e-1
4.386100e1,6.522143e-1
4.389100e1,6.688754e-1
4.392100e1,6.857813e-1
4.395100e1,7.028669e-1
4.398100e1,7.200754e-1
4.401100e1,7.373564e-1
4.404100e1,7.546664e-1
4.407100e1,7.719669e-1
4.410100e1,7.892249e-1
4.413100e1,8.064114e-1
4.416100e1,8.235013e-1
4.419100e1,8.404730e-1
4.422100e1,8.573078e-1
4.425100e1,8.739895e-1
4.428100e1,8.905043e-1
4.431100e1,9.068401e-1
4.434100e1,9.229867e-1
4.437100e1,9.389354e-1
4.440100e1,9.546789e-1
4.443100e1,9.702106e-1
4.446100e1,9.855255e-1
4.449100e1,1.000619e0
4.452100e1,1.015582e0
4.455100e1,1.030492e0
4.458100e1,1.045341e0
4.461100e1,1.060122e0
4.464100e1,1.074828e0
4.467100e1,1.089455e0
4.470100e1,1.103998e0
4.473100e1,1.118451e0
4.476100e1,1.132812e0
4.479100e1,1.147075e0
4.482100e1,1.161239e0
4.485100e1,1.175300e0
4.488100e1,1.189255e0
4.491100e1,1.203103e0
4.494100e1,1.216841e0
4.497100e1,1.230467e0
4.500100e1,1.243980e0
4.503100e1,1.257379e0
4.506100e1,1.270661e0
4.509100e1,1.283827e0
4.512100e1,1.296875e0
4.515100e1,1.309804e0
4.518100e1,1.322614e0
4.521100e1,1.335304e0
4.524100e1,1.347874e0
4.527100e1,1.360323e0
4.530100e1,1.372652e0
4.533100e1,1.384859e0
4.536100e1,1.396945e0
4.539100e1,1.408909e0
4.542100e1,1.420752e0
4.545100e1,1.432474e0
4.548100e1,1.444075e0
4.551100e1,1.455554e0
4.554100e1,1.466913e0
4.557100e1,1.478151e0
4.560100e1,1.489268e0
4.563100e1,1.500265e0
4.566100e1,1.511142e0
4.569100e1,1.521899e0
4.572100e1,1.532537e0
4.575100e1,1.543056e0
4.578100e1,1.553456e0
4.581100e1,1.563738e0
4.584100e1,1.573902e0
4.587100e1,1.583949e0
4.590100e1,1.593878e0
4.593100e1,1.603691e0
4.596100e1,1.613387e0
4.599100e1,1.622968e0
4.602100e1,1.632433e0
4.605100e1,1.641783e0
4.608100e1,1.651018e0
4.611100e1,1.660139e0
4.614100e1,1.669147e0
4.617100e1,1.678041e0
4.620100e1,1.686823e0
4.623100e1,1.695492e0
4.626100e1,1.704049e0
4.629100e1,1.712494e0
4.632100e1,1.720829e0
4.635100e1,1.729053e0
4.638100e1,1.737166e0
4.641100e1,1.745170e0
4.644100e1,1.753064e0
4.647100e1,1.760849e0
4.650100e1,1.768526e0
4.653100e1,1.776094e0
4.656100e1,1.783555e0
4.659100e1,1.790909e0
4.662100e1,1.798155e0
4.665100e1,1.805295e0
4.668100e1,1.812328e0
4.671100e1,1.819256e0
4.674100e1,1.826079e0
4.677100e1,1.832796e0
4.680100e1,1.839409e0
4.683100e1,1.845917e0
4.686100e1,1.852321e0
4.689100e1,1.858622e0
4.692100e1,1.864819e0
4.695100e1,1.870913e0
4.698100e1,1.876905e0
4.701100e1,1.882795e0
4.704100e1,1.888582e0
4.707100e1,1.894268e0
4.710100e1,1.899852e0
4.713100e1,1.905336e0
4.716100e1,1.910719e0
4.719100e1,1.916001e0
4.722100e1,1.921183e0
4.725100e1,1.926265e0
4.728100e1,1.931248e0
4.731100e1,1.936131e0
4.734100e1,1.940915e0
4.737100e1,1.945601e0
4.740100e1,1.950187e0
4.743100e1,1.954676e0
4.746100e1,1.959066e0
4.749100e1,1.963359e0
4.752100e1,1.967554e0
4.755100e1,1.971652e0
4.758100e1,1.975652e0
4.761100e1,1.979556e0
4.764100e1,1.983363e0
4.767100e1,1.987073e0
4.770100e1,1.990687e0
4.773100e1,1.994205e0
4.776100e1,1.997627e0
4.779100e1,2.000953e0
4.782100e1,2.004184e0
4.785100e1,2.007319e0
4.788100e1,2.010359e0
4.791100e1,2.013304e0
4.794100e1,2.016154e0
4.797100e1,2.018909e0
4.800100e1,2.021570e0
4.803100e1,2.024136e0
4.806100e1,2.026608e0
4.809100e1,2.028986e0
4.812100e1,2.031269e0
4.815100e1,2.033459e0
4.818100e1,2.035554e0
4.821100e1,2.037556e0
4.824100e1,2.039465e0
4.827100e1,2.041280e0
4.830100e1,2.043001e0
4.833100e1,2.044629e0
4.836100e1,2.046164e0
4.839100e1,2.047605e0
4.842100e1,2.048954e0
4.845100e1,2.050209e0
4.848100e1,2.051372e0
4.851100e1,2.052441e0
4.854100e1,2.053418e0
4.857100e1,2.054302e0
4.860100e1,2.055093e0
4.863100e1,2.055792e0
4.866100e1,2.056398e0
4.869100e1,2.056911e0
4.872100e1,2.057331e0
4.875100e1,2.057659e0
4.878100e1,2.057895e0
4.881100e1,2.058038e0
4.884100e1,2.058088e0
4.887100e1,2.058046e0
4.890100e1,2.057911e0
4.893100e1,2.057683e0
4.896100e1,2.057363e0
4.899100e1,2.056951e0
4.902100e1,2.056446e0
4.905100e1,2.055848e0
4.908100e1,2.055157e0
4.911100e1,2.054374e0
4.914100e1,2.053498e0
4.917100e1,2.052530e0
4.920100e1,2.051468e0
4.923100e1,2.050314e0
4.926100e1,2.049066e0
4.929100e1,2.047726e0
4.932100e1,2.046292e0
4.935100e1,2.044765e0
4.938100e1,2.043146e0
4.941100e1,2.041432e0
4.944100e1,2.039626e0
4.947100e1,2.037725e0
4.950100e1,2.035731e0
4.953100e1,2.033644e0
4.956100e1,2.031462e0
4.959100e1,2.029187e0
4.962100e1,2.026817e0
4.965100e1,2.024354e0
4.968100e1,2.021796e0
4.971100e1,2.019143e0
4.974100e1,2.016396e0
4.977100e1,2.013555e0
4.980100e1,2.010618e0
4.983100e1,2.007586e0
4.986100e1,2.004459e0
4.989100e1,2.001237e0
4.992100e1,1.997919e0
4.995100e1,1.994505e0
4.998100e1,1.990995e0
5.001100e1,1.987390e0
5.004100e1,1.983688e0
5.007100e1,1.979889e0
5.010100e1,1.975994e0
5.013100e1,1.972002e0
5.016100e1,1.967913e0
5.019100e1,1.963726e0
5.022100e1,1.959442e0
5.025100e1,1.955060e0
5.028100e1,1.950580e0
5.031100e1,1.946002e0
5.034100e1,1.941325e0
5.037100e1,1.936549e0
5.040100e1,1.931674e0
5.043100e1,1.926700e0
5.046100e1,1.921627e0
5.049100e1,1.916453e0
5.052100e1,1.911180e0
5.055100e1,1.905806e0
5.058100e1,1.900331e0
5.061100e1,1.894755e0
5.064100e1,1.889078e0
5.067100e1,1.883300e0
5.070100e1,1.877419e0
5.073100e1,1.871436e0
5.076100e1,1.865351e0
5.079100e1,1.859162e0
5.082100e1,1.852871e0
5.085100e1,1.846475e0
5.088100e1,1.839976e0
5.091100e1,1.833373e0
5.094100e1,1.826664e0
5.097100e1,1.819851e0
5.100100e1,1.812932e0
5.103100e1,1.805908e0
5.106100e1,1.798777e0
5.109100e1,1.791540e0
5.112100e1,1.784196e0
5.115100e1,1.776745e0
5.118100e1,1.769186e0
5.121100e1,1.761518e0
5.124100e1,1.753742e0
5.127100e1,1.745858e0
5.130100e1,1.737863e0
5.133100e1,1.729759e0
5.136100e1,1.721545e0
5.139100e1,1.713220e0
5.142100e1,1.704785e0
5.145100e1,1.696237e0
5.148100e1,1.687578e0
5.151100e1,1.678806e0
5.154100e1,1.669922e0
5.157100e1,1.660924e0
5.160100e1,1.651812e0
5.163100e1,1.642587e0
5.166100e1,1.633247e0
5.169100e1,1.623792e0
5.172100e1,1.614221e0
5.175100e1,1.604535e0
5.178100e1,1.594732e0
5.181100e1,1.584813e0
5.184100e1,1.574777e0
5.187100e1,1.564623e0
5.190100e1,1.554351e0
5.193100e1,1.543961e0
5.196100e1,1.533453e0
5.199100e1,1.522825e0
5.202100e1,1.512078e0
5.205100e1,1.501211e0
5.208100e1,1.490225e0
5.211100e1,1.479118e0
5.214100e1,1.467891e0
5.217100e1,1.456543e0
5.220100e1,1.445074e0
5.223100e1,1.433483e0
5.226100e1,1.421772e0
5.229100e1,1.409939e0
5.232100e1,1.397985e0
5.235100e1,1.385910e0
5.238100e1,1.373713e0
5.241100e1,1.361396e0
5.244100e1,1.348957e0
5.247100e1,1.336397e0
5.250100e1,1.323718e0
5.253100e1,1.310918e0
5.256100e1,1.297999e0
5.259100e1,1.284961e0
5.262100e1,1.271806e0
5.265100e1,1.258533e0
5.268100e1,1.245145e0
5.271100e1,1.231642e0
5.274100e1,1.218025e0
5.277100e1,1.204297e0
5.280100e1,1.190459e0
5.283100e1,1.176512e0
5.286100e1,1.162461e0
5.289100e1,1.148306e0
5.292100e1,1.134050e0
5.295100e1,1.119698e0
5.298100e1,1.105253e0
5.301100e1,1.090718e0
5.304100e1,1.076098e0
5.307100e1,1.061398e0
5.310100e1,1.046623e0
5.313100e1,1.031780e0
5.316100e1,1.016876e0
5.319100e1,1.001916e0
5.322100e1,9.868432e-1
5.325100e1,9.715498e-1
5.328100e1,9.560390e-1
5.331100e1,9.403161e-1
5.334100e1,9.243872e-1
5.337100e1,9.082598e-1
5.340100e1,8.919424e-1
5.343100e1,8.754451e-1
5.346100e1,8.587797e-1
5.349100e1,8.419599e-1
5.352100e1,8.250017e-1
5.355100e1,8.079234e-1
5.358100e1,7.907466e-1
5.361100e1,7.734960e-1
5.364100e1,7.562000e-1
5.367100e1,7.388915e-1
5.370100e1,7.216083e-1
5.373100e1,7.043936e-1
5.376100e1,6.872969e-1
5.379100e1,6.703747e-1
5.382100e1,6.536910e-1
5.385100e1,6.373184e-1
5.388100e1,6.213383e-1
5.391100e1,6.058418e-1
5.394100e1,5.909296e-1
5.397100e1,5.767119e-1
5.400100e1,5.633079e-1
5.403100e1,5.508444e-1
5.406100e1,5.394534e-1
5.409100e1,5.292694e-1
5.412100e1,5.204247e-1
5.415100e1,5.130448e-1
5.418100e1,5.072426e-1
5.421100e1,5.031124e-1
5.424100e1,5.007247e-1
5.427100e1,5.001213e-1
5.430100e1,5.013130e-1
5.433100e1,5.042788e-1
5.436100e1,5.089667e-1
5.439100e1,5.152981e-1
5.442100e1,5.231720e-1
5.445100e1,5.324705e-1
5.448100e1,5.430654e-1
5.451100e1,5.548232e-1
5.454100e1,5.676097e-1
5.457100e1,5.812944e-1
5.460100e1,5.957528e-1
5.463100e1,6.108685e-1
5.466100e1,6.265343e-1
5.469100e1,6.426528e-1
5.472100e1,6.591360e-1
5.475100e1,6.759055e-1
5.478100e1,6.928917e-1
5.481100e1,7.100330e-1
5.484100e1,7.272753e-1
5.487100e1,7.445713e-1
5.490100e1,7.618796e-1
5.493100e1,7.791641e-1
5.496100e1,7.963935e-1
5.499100e1,8.135405e-1
5.502100e1,8.305815e-1
5.505100e1,8.474963e-1
5.508100e1,8.642670e-1
5.511100e1,8.808787e-1
5.514100e1,8.973181e-1
5.517100e1,9.135742e-1
5.520100e1,9.296374e-1
5.523100e1,9.454994e-1
5.526100e1,9.611533e-1
5.529100e1,9.765933e-1
5.532100e1,9.918144e-1
5.535100e1,1.006832e0
5.538100e1,1.021775e0
5.541100e1,1.036661e0
5.544100e1,1.051483e0
5.547100e1,1.066235e0
5.550100e1,1.080910e0
5.553100e1,1.095504e0
5.556100e1,1.110011e0
5.559100e1,1.124427e0
5.562100e1,1.138749e0
5.565100e1,1.152972e0
5.568100e1,1.167094e0
5.571100e1,1.181113e0
5.574100e1,1.195025e0
5.577100e1,1.208828e0
5.580100e1,1.222521e0
5.583100e1,1.236101e0
5.586100e1,1.249568e0
5.589100e1,1.262919e0
5.592100e1,1.276154e0
5.595100e1,1.289272e0
5.598100e1,1.302272e0
5.601100e1,1.315152e0
5.604100e1,1.327914e0
5.607100e1,1.340555e0
5.610100e1,1.353076e0
5.613100e1,1.365476e0
5.616100e1,1.377755e0
5.619100e1,1.389912e0
5.622100e1,1.401949e0
5.625100e1,1.413864e0
5.628100e1,1.425657e0
5.631100e1,1.437330e0
5.634100e1,1.448881e0
5.637100e1,1.460311e0
5.640100e1,1.471621e0
5.643100e1,1.482809e0
5.646100e1,1.493878e0
5.649100e1,1.504826e0
5.652100e1,1.515654e0
5.655100e1,1.526362e0
5.658100e1,1.536952e0
5.661100e1,1.547422e0
5.664100e1,1.557774e0
5.667100e1,1.568008e0
5.670100e1,1.578124e0
5.673100e1,1.588123e0
5.676100e1,1.598005e0
5.679100e1,1.607770e0
5.682100e1,1.617419e0
5.685100e1,1.626953e0
5.688100e1,1.636371e0
5.691100e1,1.645675e0
5.694100e1,1.654863e0
5.697100e1,1.663938e0
5.700100e1,1.672900e0
5.703100e1,1.681748e0
5.706100e1,1.690484e0
5.709100e1,1.699107e0
5.712100e1,1.707619e0
5.715100e1,1.716019e0
5.718100e1,1.724309e0
5.721100e1,1.732488e0
5.724100e1,1.740557e0
5.727100e1,1.748516e0
5.730100e1,1.756366e0
5.733100e1,1.764107e0
5.736100e1,1.771740e0
5.739100e1,1.779264e0
5.742100e1,1.786681e0
5.745100e1,1.793991e0
5.748100e1,1.801194e0
5.751100e1,1.808291e0
5.754100e1,1.815282e0
5.757100e1,1.822167e0
5.760100e1,1.828947e0
5.763100e1,1.835621e0
5.766100e1,1.842192e0
5.769100e1,1.848658e0
5.772100e1,1.855020e0
5.775100e1,1.861279e0
5.778100e1,1.867434e0
5.781100e1,1.873487e0
5.784100e1,1.879437e0
5.787100e1,1.885286e0
5.790100e1,1.891032e0
5.793100e1,1.896677e0
5.796100e1,1.902220e0
5.799100e1,1.907663e0
5.802100e1,1.913005e0
5.805100e1,1.918247e0
5.808100e1,1.923388e0
5.811100e1,1.928430e0
5.814100e1,1.933373e0
5.817100e1,1.938216e0
5.820100e1,1.942960e0
5.823100e1,1.947606e0
5.826100e1,1.952153e0
5.829100e1,1.956602e0
5.832100e1,1.960952e0
5.835100e1,1.965206e0
5.838100e1,1.969361e0
5.841100e1,1.973420e0
5.844100e1,1.977381e0
5.847100e1,1.981246e0
5.850100e1,1.985014e0
5.853100e1,1.988685e0
5.856100e1,1.992261e0
5.859100e1,1.995740e0
5.862100e1,1.999123e0
5.865100e1,2.002411e0
5.868100e1,2.005603e0
5.871100e1,2.008700e0
5.874100e1,2.011702e0
5.877100e1,2.014608e0
5.880100e1,2.017420e0
5.883100e1,2.020137e0
5.886100e1,2.022760e0
5.889100e1,2.025288e0
5.892100e1,2.027722e0
5.895100e1,2.030062e0
5.898100e1,2.032308e0
5.901100e1,2.034460e0
5.904100e1,2.036518e0
5.907100e1,2.038482e0
5.910100e1,2.040353e0
5.913100e1,2.042130e0
5.916100e1,2.043814e0
5.919100e1,2.045405e0
5.922100e1,2.046902e0
5.925100e1,2.048306e0
5.928100e1,2.049617e0
5.931100e1,2.050836e0
5.934100e1,2.051961e0
5.937100e1,2.052993e0
5.940100e1,2.053933e0
5.943100e1,2.054780e0
5.946100e1,2.055534e0
5.949100e1,2.056195e0
5.952100e1,2.056764e0
5.955100e1,2.057240e0
5.958100e1,2.057623e0
5.961100e1,2.057914e0
5.964100e1,2.058113e0
5.967100e1,2.058219e0
5.970100e1,2.058232e0
5.973100e1,2.058153e0
5.976100e1,2.057981e0
5.979100e1,2.057716e0
5.982100e1,2.057359e0
5.985100e1,2.056910e0
5.988100e1,2.056368e0
5.991100e1,2.055733e0
5.994100e1,2.055005e0
5.997100e1,2.054185e0
6.000100e1,2.053272e0
